location_id,host_id,address,rate,avg_rating,total_reviews,service_fee,cleaning_fee,occupancy_tax
0,14,"75314 Wilderman Corners, Lake Reecefort, Rhode Island",273,3.6295238049998186,1433,30,28,40.949999999999996
1,279,"3864 Nina Loaf, Port Concepcion, Vermont",95,1.2810269559588647,572,36,22,14.25
2,196,"028 Gabe Cliff, Hayleeville, South Carolina",230,1.166415142295361,953,37,14,34.5
3,264,"68695 Jast Via, Port Ernaton, Tennessee",201,4.382237614746366,227,31,12,30.15
4,220,"08512 Jon Vista, O'Konton, Florida",88,1.1993542933547776,892,50,12,13.2
5,248,"313 Rau Common, West Aurelie, Texas",252,4.0113586564434485,1400,45,29,37.8
6,284,"45398 Ofelia Center, East Lindamouth, Arizona",102,4.4226806612457406,1379,47,22,15.299999999999999
7,148,"570 Heller Wells, Bartonland, Oklahoma",129,3.202380350117338,508,36,15,19.349999999999998
8,114,"25455 Elwyn Groves, North Antonioville, Maryland",94,2.401360575034962,1536,30,22,14.1
9,282,"9808 Parisian Ridge, New Randitown, Florida",207,4.894975520118057,580,44,26,31.049999999999997
10,96,"2144 Bode Station, South Alvis, Virginia",120,3.1556198405910667,1642,30,29,18
11,45,"174 Tyrell Mission, South Marianemouth, Utah",92,3.274412274986993,1989,37,14,13.799999999999999
12,297,"3629 McLaughlin Gardens, Emmanuellehaven, Iowa",228,2.2667824179936646,1975,49,27,34.199999999999996
13,148,"86727 Kayli Row, New Aliya, Washington",136,1.3749291390627933,1006,44,28,20.4
14,253,"70046 Konopelski Walks, West Kane, Michigan",105,1.7511166145759416,1959,37,23,15.75
15,200,"57700 Santina Highway, North Otha, Kentucky",273,4.08058651558455,1202,50,14,40.949999999999996
16,133,"2748 Beier Trafficway, Ankundingville, Arkansas",106,4.414525996241561,365,50,11,15.899999999999999
17,119,"66436 Kolby Cove, East Laisha, Georgia",280,1.7379568107690053,1758,46,25,42
18,270,"5910 Carter Dam, Batzbury, Pennsylvania",247,4.1661499258730945,1930,42,12,37.05
19,157,"3793 Boyer River, Lake Cristian, Virginia",286,3.180131644961329,529,33,14,42.9
20,214,"38002 Orn Isle, Nicolasstad, Arizona",226,2.284237057628763,1858,40,19,33.9
21,95,"921 Ana Fork, Rettaborough, Arizona",117,2.203398922695739,1856,33,29,17.55
22,296,"25711 Myrna Meadow, North Tremaineview, Vermont",65,3.2850410187940517,947,43,19,9.75
23,294,"481 Streich Highway, East Jenningsside, Washington",117,3.169190419344834,35,49,26,17.55
24,261,"81697 Torp Mountains, Darrelchester, Montana",245,3.497358162224539,854,35,21,36.75
25,23,"0984 Berry Manor, East Sasha, North Dakota",298,1.5100624315179476,1339,47,19,44.699999999999996
26,289,"682 Helene Square, Reeseshire, Indiana",155,1.1016865830025435,311,32,27,23.25
27,87,"8749 Howell Shore, Neomaberg, Massachusetts",119,2.2482074681647735,420,41,16,17.849999999999998
28,178,"7269 Quentin Stream, West Shawn, Virginia",173,3.485014932993188,901,42,27,25.95
29,286,"7355 Wilburn Circle, Port Justicetown, West Virginia",165,2.178553823634018,97,35,21,24.75
30,18,"5404 Myrtie Plains, New Yesseniachester, Mississippi",158,1.3372518081787756,500,46,15,23.7
31,107,"44302 Rex Brook, East Lenny, Illinois",295,1.6425370590832298,258,34,23,44.25
32,149,"5778 Doug Shoal, Lake Horacio, Minnesota",75,3.939131423933774,27,32,12,11.25
33,20,"84018 Altenwerth Road, Lake Litzyland, Georgia",210,4.546346157345343,1458,47,23,31.5
34,273,"750 Kessler Centers, New Sandrineport, Maryland",211,2.3243056798735107,139,39,29,31.65
35,295,"71377 Von Springs, North Austyntown, Utah",168,4.037541299400575,44,33,14,25.2
36,142,"0159 Juwan Crossroad, Reinamouth, Indiana",122,2.8006416647426695,1915,35,15,18.3
37,213,"784 Norene Islands, Geovannyhaven, Louisiana",279,2.1021176763534655,1265,34,28,41.85
38,119,"7142 Vandervort Orchard, Cormierville, Hawaii",168,3.7712449475132255,114,46,13,25.2
39,288,"3216 Nader Freeway, New Michele, New York",270,3.6615524275228815,814,40,25,40.5
40,198,"436 Dicki Ford, North Danyka, Vermont",272,4.655119719372983,1813,42,23,40.8
41,279,"685 Senger Neck, South Jakeburgh, Alabama",81,1.0926470584322086,1398,32,28,12.15
42,146,"75658 Zachery Mountains, West Daniellafurt, Missouri",132,1.4149200883414823,1146,37,22,19.8
43,300,"8539 Powlowski Light, Nitzschestad, Illinois",67,4.269597880056742,921,47,30,10.049999999999999
44,57,"4575 Adella Stravenue, Turcotteport, South Carolina",253,2.6332273149690026,808,44,14,37.949999999999996
45,4,"175 Libby Isle, Judgechester, Nevada",77,1.7597725835671656,1926,46,24,11.549999999999999
46,142,"22671 Sandra Shore, Wilkinsonview, Alaska",140,4.872131556888011,26,41,25,21
47,32,"76001 Cristina Tunnel, North Myrtie, North Dakota",57,3.137882110212386,1944,34,22,8.549999999999999
48,225,"28485 Brionna Point, South William, Ohio",253,1.7247921738206695,767,48,29,37.949999999999996
49,95,"709 Esmeralda Bypass, New Coy, Florida",75,2.3082538536441772,949,37,18,11.25
50,250,"824 Shanahan Radial, New Sonia, North Dakota",196,1.8302554800118596,84,35,15,29.4
51,132,"1269 Lennie Center, South Floridatown, Vermont",188,3.215698861913257,1562,41,24,28.2
52,199,"3188 Delfina Mills, Lilliemouth, South Dakota",85,3.911213102527295,490,45,17,12.75
53,117,"4856 Brekke Isle, Mervintown, Maine",97,4.977426562296311,1831,45,24,14.549999999999999
54,105,"05374 Davis Extension, Prosaccoport, Connecticut",295,4.040418266001598,90,44,25,44.25
55,85,"35244 Estell Springs, Bessiebury, South Dakota",127,1.79012028592326,267,39,25,19.05
56,207,"59141 Eli Mountains, Hettiebury, Texas",121,2.341221983233506,716,49,22,18.15
57,172,"28304 Legros Roads, Harveyside, Utah",213,2.2007559414896116,702,45,11,31.95
58,1,"6281 Lacey Trace, Markchester, Connecticut",227,4.614164204077877,1776,46,17,34.05
59,158,"0473 Brant Ramp, Ottohaven, Idaho",235,3.4468018985728945,537,39,16,35.25
60,190,"273 Feest Falls, Lexieborough, Tennessee",111,3.599875477607293,579,38,19,16.65
61,279,"286 Erdman Streets, Gustavemouth, Michigan",205,2.2695753146421276,1797,39,17,30.75
62,140,"3974 Claire Mountains, East Bethton, Alaska",192,1.6351798768566388,45,48,25,28.799999999999997
63,74,"43617 Schroeder Via, East Zoey, Idaho",265,4.064712574175379,121,50,11,39.75
64,245,"83405 Winston Garden, Lake Alisaview, Maryland",98,2.5089560244946427,515,46,26,14.7
65,166,"244 Camilla Bridge, East Monserrat, Idaho",292,3.9162583954528944,716,34,28,43.8
66,105,"79972 Lorenz Square, Lake Lucaschester, Iowa",115,2.198753753513211,1195,43,12,17.25
67,208,"765 Bertha Drive, Padbergland, Montana",131,2.7319608312003236,430,50,16,19.65
68,140,"834 Kenyatta Trafficway, North Bo, North Carolina",180,1.550739643446666,1755,33,10,27
69,231,"08272 Baumbach Extensions, Port Lamar, New Mexico",207,2.455123437232804,280,45,10,31.049999999999997
70,199,"66783 Tania Common, Bayershire, Massachusetts",120,3.2651871010734377,241,49,10,18
71,1,"5286 Reynold Harbor, Frederiquebury, Florida",113,2.800692917377903,1915,48,23,16.95
72,44,"901 Shawn Brook, Demetristown, Utah",98,2.964355997471163,335,31,18,14.7
73,201,"0910 Payton Plains, Conradview, Washington",297,3.346646046338525,1503,32,19,44.55
74,261,"856 Rex Center, Wilhelminemouth, South Carolina",285,1.1994700054778367,1468,33,29,42.75
75,63,"4193 Glenna River, Lake Humberto, Maine",297,3.442465859841498,604,42,18,44.55
76,151,"35530 Pollich Lane, Carterfort, Colorado",235,1.5634229556770667,558,44,29,35.25
77,270,"82987 Margot Summit, West Sadye, New Mexico",147,1.3729519534623367,554,50,20,22.05
78,20,"86163 Furman Lodge, North Bennettfort, Missouri",86,1.035086008864877,1954,48,11,12.9
79,59,"80922 Spencer Orchard, Eastonmouth, Arizona",125,3.6966064015575064,441,50,12,18.75
80,33,"7599 Leffler Light, Dewittville, Idaho",98,1.3436559054738995,355,35,13,14.7
81,107,"09275 Jody Neck, Port Toymouth, Oregon",161,4.336674533727919,213,35,10,24.15
82,223,"7340 Reta Ports, East Tristin, Wisconsin",64,1.667497121652541,154,42,13,9.6
83,173,"74094 Jayde Trail, Orinstad, South Carolina",115,1.9180285084026414,122,38,21,17.25
84,228,"49119 Collins Landing, Skilesland, Virginia",127,4.423710906400313,1362,38,29,19.05
85,247,"88823 Wilderman Oval, Port Beverly, Utah",160,1.8095333075077522,766,32,12,24
86,165,"3566 Sigrid Gateway, Terryville, Rhode Island",238,1.507034436863677,1431,44,23,35.699999999999996
87,45,"970 Brady Skyway, East Janessamouth, South Dakota",138,2.91132805212057,1894,33,21,20.7
88,46,"69675 Mauricio Key, East Esta, Montana",137,1.2379829694698794,493,31,26,20.55
89,99,"046 Leffler Circle, South Johannton, Maryland",183,4.892805389571126,1222,43,23,27.45
90,175,"4809 Romaguera Meadows, Skilesmouth, North Dakota",102,2.648470521779368,1642,30,20,15.299999999999999
91,224,"4638 Betsy Square, Hanemouth, Ohio",281,3.91209926210317,794,38,11,42.15
92,179,"80442 Joanny Road, Schuppefurt, Alaska",300,2.6671515027280366,466,44,18,45
93,244,"94047 Quinn Hollow, Port Lesleyton, Minnesota",300,3.863165633749743,364,34,20,45
94,110,"9720 Loyce Highway, New Oran, Wisconsin",294,1.5933517675832196,1383,47,23,44.1
95,184,"55364 Trisha Center, Wyattbury, Kentucky",238,2.6092305033093943,1482,31,27,35.699999999999996
96,212,"62682 D'Amore Parkways, South Bobbie, Vermont",225,3.950594879994283,1190,38,20,33.75
97,300,"57942 MacGyver Mountains, East Kylie, Colorado",219,2.764657315684956,220,50,18,32.85
98,27,"29989 Wilber Summit, Oberbrunnerfort, Arizona",227,4.177789760979092,907,47,19,34.05
99,81,"649 Cruickshank Cape, Port Frankiehaven, New Jersey",210,1.3384919254741647,471,40,14,31.5
100,184,"31001 Rogers Loop, Lake Elliot, North Carolina",167,1.977448498056706,164,37,18,25.05
101,226,"17187 Schneider Turnpike, Bechtelarside, Minnesota",75,4.240015192813595,174,31,28,11.25
102,156,"518 Ellie Lights, Blickburgh, Oregon",215,1.6722185113877703,1332,43,12,32.25
103,63,"1800 Prohaska Crescent, Port Noe, Virginia",74,1.534146907131205,1519,39,14,11.1
104,1,"130 Norwood River, Port Lysanne, Oklahoma",259,2.865934849656087,974,37,23,38.85
105,139,"10585 Labadie Alley, Johnsview, Tennessee",57,1.6793785528537333,1764,48,21,8.549999999999999
106,60,"077 Jenkins Land, Lake Zachariah, Utah",243,3.704330491170812,1896,49,16,36.449999999999996
107,50,"093 Lesch Walks, Reymundoberg, Georgia",300,3.2025236027812225,1893,33,25,45
108,219,"0000 Kunde Circle, Lake Asa, Massachusetts",248,3.0329598768924333,1744,48,28,37.199999999999996
109,196,"734 Jerde Walks, West Reedchester, Maryland",183,3.8756874704559587,126,47,28,27.45
110,180,"38667 Keebler Wells, New Moisesmouth, Utah",202,3.3908533424626226,190,40,23,30.299999999999997
111,270,"276 Lempi Roads, New Haven, Pennsylvania",269,4.55702086591668,1813,41,14,40.35
112,77,"27353 Lennie Springs, Randalside, North Carolina",155,3.4219583575929033,744,32,14,23.25
113,254,"11709 Eula Trafficway, South Janistown, Kansas",206,3.9728984559630716,813,41,23,30.9
114,120,"8662 Lavinia Courts, Sipeschester, Montana",85,2.5973454497172845,487,34,24,12.75
115,52,"059 Hipolito Views, East Mayside, Iowa",239,3.4678963248404857,1097,44,23,35.85
116,0,"0499 Jennifer Viaduct, Port Vince, Alaska",51,3.356326039667099,256,34,26,7.6499999999999995
117,180,"12906 Stoltenberg Brook, Schmelermouth, Nevada",124,1.0540803865623884,192,30,16,18.599999999999998
118,102,"624 Hirthe Crest, Tremblaychester, North Carolina",146,1.4823207005456813,371,44,28,21.9
119,141,"154 Neal Gardens, South Fannieville, Georgia",119,4.905455169013347,356,47,15,17.849999999999998
120,13,"068 Pietro Overpass, West Maximilianmouth, Washington",137,4.418054939854069,1653,34,13,20.55
121,66,"55601 Gregg Fall, Hesselfort, North Carolina",225,1.2784107045034778,169,46,13,33.75
122,86,"5524 Weissnat Fall, Jamiefurt, Iowa",274,2.0330747595272003,792,32,11,41.1
123,222,"6909 Berge Centers, Rippinbury, Michigan",213,2.3257587664283537,854,49,13,31.95
124,195,"63197 Dallin Extension, Doloresberg, New York",154,2.3673696476009902,869,42,13,23.099999999999998
125,199,"9137 Clay Cove, Darrionfort, Nevada",167,1.6605485856944229,1373,49,13,25.05
126,188,"28933 Sauer Greens, Dominicborough, California",192,3.569547096285727,1735,47,11,28.799999999999997
127,48,"15455 Velda Neck, Kemmerland, Colorado",266,3.6794129917015868,838,45,18,39.9
128,210,"581 Jairo Summit, Lake Rita, Wisconsin",297,3.721334173627087,321,31,23,44.55
129,219,"594 Kshlerin Highway, East Christophe, Michigan",232,2.950518419414423,170,43,27,34.8
130,236,"8560 Mariela Via, Priceland, Alabama",78,4.478469403198418,469,47,20,11.7
131,25,"816 Jasmin Forks, West Giles, Indiana",170,4.7216477186790495,839,47,28,25.5
132,289,"14300 Lizeth Rue, Port Charleneberg, Wisconsin",253,1.187485764023927,1115,31,13,37.949999999999996
133,23,"06850 Grimes Junction, Lake Marisa, Nebraska",68,1.769159355770962,80,47,22,10.2
134,14,"202 Kilback Route, Heberborough, Nevada",89,3.5467867796975634,385,30,12,13.35
135,75,"793 Martin Row, Taniafurt, Nevada",239,2.393372130169256,1114,41,12,35.85
136,200,"6236 Kristy Mount, Naderstad, Alaska",276,2.2373079841515837,555,32,21,41.4
137,84,"517 Kuhic Springs, Wunschberg, Colorado",171,2.6024129654745973,1,42,13,25.65
138,141,"758 Imelda Harbor, Mercedesborough, Alabama",115,2.0508863686528347,867,35,12,17.25
139,281,"71573 Nyasia Forks, South Magali, North Dakota",76,1.5865832680724226,371,41,28,11.4
140,269,"78881 Kamryn Village, Wilkinsonport, Wyoming",164,3.7077905168416136,278,42,18,24.599999999999998
141,46,"0843 Bonita Place, Kulasberg, California",92,3.4805351017056774,1574,30,24,13.799999999999999
142,228,"4989 Towne Walks, New Noemy, Maine",119,2.4190674316759067,874,38,21,17.849999999999998
143,228,"59897 D'Amore Villages, South Deannastad, Massachusetts",174,4.940541862047803,424,39,17,26.099999999999998
144,217,"00403 Philip Views, Skylarfort, Missouri",81,4.914040847096915,382,31,25,12.15
145,211,"695 Alexanne Estate, Port Drake, Delaware",50,3.3479867431803876,1741,32,21,7.5
146,64,"20654 Durgan Unions, New Philipstad, New Mexico",121,2.001931244945526,1246,49,11,18.15
147,171,"99136 Lloyd Estates, Port Stanford, Arizona",242,3.0299094498607833,759,35,11,36.3
148,256,"882 Fritsch Common, Lavadashire, Connecticut",166,1.0869660330076556,547,36,17,24.9
149,111,"838 Bartell Turnpike, Juleschester, Montana",99,3.459521581623724,1222,40,19,14.85
150,202,"241 Jerde Path, Boehmchester, Idaho",151,4.665821525837245,1730,45,21,22.65
151,149,"80402 Lueilwitz Pine, Adrianatown, Nebraska",249,4.5539676527401705,1699,37,14,37.35
152,188,"76975 Gleason Passage, West Luramouth, California",208,3.87106931313981,872,41,23,31.2
153,280,"3853 Verona Route, Langoshshire, New Mexico",100,1.2973708254730236,1012,30,16,15
154,118,"870 Kaleb Garden, West Carlos, Arkansas",291,2.3888399509832166,450,47,19,43.65
155,185,"3033 Konopelski Plain, Pacochaton, New Hampshire",176,4.71857698488855,1965,36,13,26.4
156,87,"50638 Hanna Dale, Crooksstad, Idaho",106,2.0780222148143386,1779,37,21,15.899999999999999
157,268,"4094 Wiegand Trace, New Jacyntheshire, Virginia",240,1.0003100152363111,1779,37,25,36
158,207,"526 Pouros Cliffs, Moorehaven, Arkansas",171,4.080274682308475,1949,48,17,25.65
159,171,"50967 Adele Causeway, East Mollie, Kansas",277,4.263524972553602,181,45,26,41.55
160,131,"532 Sean Ridges, Opheliaberg, Minnesota",242,3.8790367030034236,1167,44,14,36.3
161,268,"19343 Greta Vista, Ilianaport, North Dakota",179,1.7674316295703976,832,50,15,26.849999999999998
162,213,"568 Watson Well, West Titochester, South Carolina",58,1.227422254957935,680,38,14,8.7
163,182,"408 Funk Neck, North Evemouth, Minnesota",272,2.2599879229798976,1544,46,11,40.8
164,279,"7728 Ola Cliffs, South Josieside, West Virginia",245,2.561303552708413,494,35,29,36.75
165,182,"80026 Haleigh Grove, South Jeremie, Massachusetts",136,3.785730528306372,80,45,16,20.4
166,104,"488 Myrna Coves, Lake Carolview, Iowa",262,1.4206310865306602,200,33,21,39.3
167,142,"4368 Philip Prairie, East Stephanie, Alaska",298,1.4757374785295347,1381,47,17,44.699999999999996
168,47,"85579 Clemmie Shores, Effertzhaven, Idaho",143,2.04618954244275,681,44,21,21.45
169,26,"6622 Rene Shoal, East Emily, Nebraska",251,4.066127239300853,1734,44,28,37.65
170,141,"9193 Jakubowski Circles, North Lawrenceville, Arizona",288,2.0246127854510796,1710,35,20,43.199999999999996
171,8,"364 Morar Highway, South Dewaynemouth, Kentucky",134,1.4976213629461952,1335,48,21,20.099999999999998
172,107,"704 Eusebio Lakes, South Tevinmouth, Washington",150,4.746114579713499,1394,32,14,22.5
173,267,"1252 Clementina Crest, Turnerland, Alaska",130,3.6197998675470804,1611,30,11,19.5
174,278,"6299 Kuhn Ridge, Walshland, Alaska",276,1.9937265640777682,1871,33,17,41.4
175,261,"0355 Hane Forge, East Quincy, Illinois",199,4.615879742084444,203,32,21,29.849999999999998
176,152,"67837 Reuben Island, Braunbury, Washington",196,3.4532471471720214,1723,47,15,29.4
177,132,"65220 Laron Rapid, Lake Daishaville, Florida",283,1.5455342776118293,909,32,13,42.449999999999996
178,259,"378 Chandler Drive, Hudsonborough, Massachusetts",130,3.897786771902492,248,40,28,19.5
179,242,"16259 Rocky Route, Lisachester, Wyoming",187,4.742688227481516,140,31,24,28.05
180,159,"37091 Kerluke Motorway, West Marge, Michigan",158,2.128810433029173,1974,47,10,23.7
181,293,"4369 Wyman Knoll, Lake Kathrynshire, Georgia",256,4.890158714262173,1829,35,18,38.4
182,156,"57053 Greenfelder Via, East Gusfurt, Louisiana",223,1.3699157390203347,148,34,23,33.449999999999996
183,182,"88148 Feeney Camp, Gradyshire, Iowa",263,3.668656533904884,793,44,28,39.449999999999996
184,293,"37675 Oswald Trail, Lake Drake, South Dakota",244,4.5866923579105325,1697,36,18,36.6
185,106,"691 Mann Village, Hilpertmouth, Georgia",208,4.244053196179999,1361,30,27,31.2
186,88,"87645 Stroman Forges, New Sven, Illinois",190,3.3408050315175393,1107,49,15,28.5
187,124,"153 Alycia Points, Jaimemouth, Vermont",87,2.27859647067233,679,43,24,13.049999999999999
188,184,"6538 Jaquan Pine, South Janickside, New Hampshire",290,4.642149415346075,1527,36,17,43.5
189,72,"04542 Ritchie Manors, East Luis, Texas",143,1.4299270002329652,1951,46,10,21.45
190,119,"44660 Anabel Walks, Port Erik, Vermont",110,4.389373499748113,1985,38,21,16.5
191,55,"516 Reese Trafficway, East Claire, Kansas",95,4.343241138609009,1659,47,30,14.25
192,188,"442 Aufderhar Locks, Port Nettieberg, North Dakota",69,1.8401274541328714,153,37,20,10.35
193,230,"2702 Maryam Lights, Hintzshire, California",243,4.013747635044,825,33,24,36.449999999999996
194,210,"4338 Candice Cove, East Cristal, Kentucky",239,4.07645107819938,407,50,29,35.85
195,3,"75545 Darrel Ports, North Brendan, Tennessee",240,3.3633809786536277,1746,45,23,36
196,241,"455 Jerome Circles, West Thomasstad, New Hampshire",236,3.680004883326852,1204,36,14,35.4
197,120,"52155 Adrienne Landing, Aleenhaven, Nevada",116,2.54865291969886,515,33,29,17.4
198,182,"012 Maeve Plaza, Lake Rebekatown, South Dakota",150,4.253051325323826,61,49,24,22.5
199,226,"172 Margaretta Center, Eulaliamouth, Pennsylvania",120,1.2459692899416328,897,35,21,18
200,169,"785 Hirthe Canyon, South Celia, Nebraska",78,2.1753424773728396,413,45,12,11.7
201,117,"44863 Kristopher Lakes, Kunzeburgh, Montana",170,1.642924116314077,935,30,12,25.5
202,126,"62665 Gracie Cliff, Ilianaberg, Virginia",117,3.5270838364618684,434,35,28,17.55
203,285,"078 Richie Garden, Port Enriqueborough, New York",300,1.6861069443822838,1107,36,21,45
204,294,"20624 Christine Inlet, North Shayne, Arizona",81,1.7606678663011712,920,37,27,12.15
205,89,"109 Robin Forges, Edgarberg, New Jersey",157,3.1275890417499275,653,48,22,23.55
206,248,"03388 Raegan Inlet, Abigailfurt, Tennessee",108,4.974190786469599,795,49,27,16.2
207,260,"8791 Herbert Throughway, Lake Sydnee, Montana",280,4.822314144150665,1776,40,21,42
208,233,"36430 Pagac Point, West Keonfurt, Florida",194,2.714512482367936,1825,45,16,29.099999999999998
209,27,"6544 Krajcik Ridges, East Melyssa, Iowa",169,3.05406560925653,862,49,18,25.349999999999998
210,204,"52131 Okuneva Trail, Powlowskifort, Kansas",141,1.2252658716882854,51,35,21,21.15
211,96,"0985 Gerhold Creek, West Hallie, South Dakota",292,2.2025501688171234,1115,43,20,43.8
212,233,"163 Legros Islands, Lavonburgh, Nevada",89,1.5780597197876145,910,38,11,13.35
213,14,"200 Kub Underpass, Erdmanhaven, Washington",119,2.6230569794139633,124,36,14,17.849999999999998
214,52,"0445 Lenny Valley, North Jean, New York",258,3.4870811180106562,323,40,19,38.699999999999996
215,94,"50319 Adams Knolls, Alanisfort, Washington",214,2.3794323835680036,1637,31,23,32.1
216,51,"55496 Reyes Stravenue, East Felicityberg, Hawaii",246,2.7762184587612424,398,43,21,36.9
217,72,"40675 Edd Harbors, West Brenda, Montana",174,3.324682955635204,1501,32,22,26.099999999999998
218,273,"84701 Stanton Garden, East Maud, Wyoming",289,4.5994587006875225,88,46,11,43.35
219,214,"62957 Koch Stravenue, Port Quincyton, Alaska",106,1.4129582770312117,100,37,25,15.899999999999999
220,106,"26559 Schinner Garden, Port Mireya, West Virginia",133,2.801048512905098,1282,40,27,19.95
221,220,"282 Pfeffer Locks, Rueckerside, Michigan",292,1.2683182510423903,1887,45,17,43.8
222,41,"350 Turner Station, East Gagefurt, New Hampshire",107,3.6015639146835587,1613,38,26,16.05
223,189,"13884 Camylle Lake, Hillstown, Alaska",169,2.0296828969342187,184,42,11,25.349999999999998
224,125,"2395 Kiara Prairie, Cleveborough, North Carolina",54,1.6056562573909736,1520,36,13,8.1
225,44,"3438 Alysha Corners, Port Raymondstad, Wisconsin",94,4.074150503644313,1987,32,11,14.1
226,227,"138 Spinka Ford, South Ottilie, Maryland",271,3.265108493357006,1094,32,20,40.65
227,28,"26079 Rollin Squares, Lolaville, Wyoming",264,2.923687852020916,945,46,19,39.6
228,130,"44110 Keith Flat, West Charlotteborough, New York",168,4.3625770299309155,14,35,11,25.2
229,69,"177 Alexys Expressway, South Dewayne, California",266,3.947003067281284,1614,42,22,39.9
230,179,"991 Nelson Stravenue, West Ramona, Arkansas",276,3.4089454777573653,751,44,23,41.4
231,205,"19362 Sporer Trafficway, Christinehaven, South Carolina",254,1.190194154387408,1452,45,16,38.1
232,164,"41682 Asa Manors, Framichester, Arizona",223,3.838561660342754,1435,41,29,33.449999999999996
233,204,"51822 Allen Throughway, South Charity, Minnesota",181,3.992045948342439,1043,48,16,27.15
234,29,"1278 Herman Drive, South Kolby, Indiana",201,3.124913098009939,940,30,21,30.15
235,161,"4735 Dejon Run, Thompsonview, Michigan",58,1.187068810115577,1465,44,20,8.7
236,250,"270 Jordi Motorway, Emardport, Ohio",261,4.355357205028878,642,39,14,39.15
237,177,"65620 Clarissa Flat, Port Janice, North Dakota",206,3.8571715434345366,853,49,14,30.9
238,280,"36478 Josephine Junctions, Antoniashire, Utah",101,1.5319906462501849,1426,38,13,15.149999999999999
239,32,"8483 Darion Bypass, Emmittberg, Missouri",173,3.3099517110196865,481,42,14,25.95
240,203,"562 Lehner Trace, Ullrichburgh, Pennsylvania",145,3.947036317833306,177,30,24,21.75
241,52,"227 Forrest Valley, Kingville, Vermont",235,3.0934703273188053,1184,49,29,35.25
242,242,"835 Niko Crest, North Alfordchester, Massachusetts",90,2.6143625645214055,722,37,11,13.5
243,100,"699 Francisca Common, Gislasonside, Indiana",144,2.2134392825982223,1777,30,12,21.599999999999998
244,182,"233 Abernathy Gardens, South Davionmouth, Kentucky",106,2.9434068612028264,1627,35,15,15.899999999999999
245,212,"29583 Aglae Tunnel, North Darryl, Ohio",189,3.258435195929941,802,46,28,28.349999999999998
246,178,"62571 Jace Prairie, Mercedesborough, Missouri",165,3.3613390883705234,754,48,16,24.75
247,185,"382 Selina Meadows, North Vito, Arkansas",243,3.7834734408934514,106,39,13,36.449999999999996
248,231,"080 Pfannerstill Plain, Eudorafurt, Illinois",156,3.9194001288442433,124,49,23,23.4
249,12,"914 Bruen Causeway, Damianberg, Kentucky",277,4.860579468199433,1088,36,16,41.55
250,255,"847 Sarina Canyon, Langoshland, Illinois",200,2.554564795503905,915,46,28,30
251,179,"544 Raheem Estate, South Sadieville, Massachusetts",62,1.4209949117047604,1216,48,15,9.299999999999999
252,252,"8987 Derek Parkway, New Murielmouth, Oklahoma",300,4.943062525710222,988,47,14,45
253,14,"6859 Isabel Mountain, East Kristy, Mississippi",119,4.861938079434211,1904,38,28,17.849999999999998
254,138,"11408 Allen Throughway, Legrosmouth, Utah",115,1.0532431765807542,1124,48,10,17.25
255,6,"09599 Renner Spur, Port Stephania, Mississippi",292,4.499948452978654,1855,38,11,43.8
256,227,"51265 Einar Ranch, Port Erickshire, California",262,4.909966891754363,818,48,17,39.3
257,6,"5403 Legros Passage, North Yesseniabury, Virginia",292,2.19146732015649,542,37,22,43.8
258,58,"4682 Wuckert Motorway, East Houston, Virginia",263,2.736805979983427,1992,32,19,39.449999999999996
259,95,"37130 Camille Rapids, Heaneyfort, Washington",165,3.4475923882677906,1909,50,24,24.75
260,114,"47449 Lowe Extension, South Zackeryville, Illinois",158,3.349452301527455,1303,46,10,23.7
261,155,"543 Zoila Glens, East Andy, Massachusetts",127,1.588709421491095,342,49,13,19.05
262,26,"60478 Gibson Prairie, East Vickiestad, New Jersey",53,1.8874511990671956,1052,38,27,7.949999999999999
263,12,"277 Broderick Dale, Irmafort, Nebraska",260,4.589559642797018,1942,37,30,39
264,110,"13603 Aracely Lodge, North Mckenzieberg, Wyoming",209,4.16620830742163,1383,40,23,31.349999999999998
265,57,"586 Olson Grove, Rolfsonchester, New Jersey",127,1.888177793344702,1759,41,17,19.05
266,125,"77339 Brandt Manor, West Amberfort, Washington",95,2.1743479431990176,633,34,28,14.25
267,216,"33996 Keebler Lights, Mafaldastad, Alaska",62,2.382015040256899,1811,44,26,9.299999999999999
268,13,"48838 Kuvalis Junctions, Port Mia, Montana",280,4.985061919536445,1028,49,28,42
269,167,"48122 Damien Heights, Port Keven, Alabama",240,4.683216798292598,506,44,19,36
270,243,"9820 Langosh Parkway, Krajcikton, Nebraska",277,2.328702116110529,1057,41,27,41.55
271,285,"772 Audreanne Lights, Lake Loma, Arizona",159,3.0224051903830964,950,30,30,23.849999999999998
272,124,"124 Mya Field, Jeromemouth, California",99,4.115807168276252,847,37,12,14.85
273,273,"5988 Omari Lock, Treutelhaven, Indiana",181,3.997748508401614,464,48,19,27.15
274,149,"541 Friesen Canyon, West Alexzanderfurt, Ohio",185,2.2435460894798736,1723,47,14,27.75
275,15,"02047 Adams Union, Kayleeton, Rhode Island",237,3.097590638999983,722,46,10,35.55
276,249,"296 Hickle Harbor, Lake Jermey, Nebraska",237,2.1888593949341892,1778,47,21,35.55
277,125,"830 Hessel Ville, Port Ariberg, Idaho",161,2.978120996834315,1343,47,16,24.15
278,132,"7885 Precious Courts, Hoppeland, Wyoming",216,3.755285496776245,637,50,10,32.4
279,133,"148 Blanda Inlet, Abbottport, South Carolina",119,1.0905788785248096,1001,31,26,17.849999999999998
280,58,"430 Clark Track, New Rafaelview, Tennessee",260,1.0293960366392225,1420,44,29,39
281,258,"35903 Romaguera Drive, Twilahaven, Wyoming",213,4.876232973931026,755,48,12,31.95
282,142,"4462 Kailyn Mews, Madelynnton, Pennsylvania",262,1.113856370989938,1850,45,24,39.3
283,196,"8988 Delmer Club, Ottisview, Vermont",253,3.243403553560619,1916,39,12,37.949999999999996
284,57,"9899 MacGyver Ramp, Port Germainechester, Oregon",149,1.3405748927493222,1190,50,28,22.349999999999998
285,180,"251 Brice Fall, Mercedesville, Delaware",290,2.9982774128144536,1097,38,10,43.5
286,138,"19581 Nikita Heights, Port Benedict, Utah",265,4.911628097038037,1236,40,22,39.75
287,242,"099 Frami Cliffs, Treverchester, Oregon",200,1.6871657702194678,822,47,13,30
288,233,"14082 Aracely Views, New Jena, Michigan",181,2.8065933978606177,370,37,28,27.15
289,13,"59946 Logan Spurs, West Arjunside, Wisconsin",185,4.543625291249573,952,31,10,27.75
290,145,"9229 Schmidt Hills, Denesikview, Utah",219,3.3456842452494033,251,45,29,32.85
291,35,"302 Kuhlman Street, West Natalia, Kansas",205,3.714792372549393,464,50,16,30.75
292,175,"25824 Dibbert Parkway, Lindgrenview, Idaho",247,4.2399487013984185,357,43,21,37.05
293,152,"7999 Stroman Crossing, Binsburgh, Delaware",154,4.790396118245647,580,32,10,23.099999999999998
294,83,"331 Johnny Isle, South Tess, Tennessee",86,4.035502971837029,804,32,11,12.9
295,110,"1337 Quitzon Vista, Cleoramouth, Montana",56,1.017601284297996,539,49,30,8.4
296,231,"365 Cielo Gateway, New Mireillestad, Delaware",169,3.7471425810082604,1208,36,16,25.349999999999998
297,217,"94557 Freeda Burgs, South Lacey, Georgia",185,4.19548827722856,1149,47,24,27.75
298,113,"25842 Turcotte Brook, Kreigerfort, South Carolina",140,4.684043805530597,342,30,26,21
299,27,"557 Hansen Flat, O'Konmouth, Utah",138,2.4453226380704454,394,35,28,20.7
300,136,"125 Trantow Trafficway, Hectormouth, New Hampshire",292,2.231603448480518,564,30,19,43.8
301,21,"9669 Bell Drive, West Keaton, Alaska",124,3.123577738103804,292,36,25,18.599999999999998
302,155,"7258 Claudie Prairie, Lake Wyatt, Mississippi",186,4.502278581820025,543,42,29,27.9
303,264,"02855 Kacie Path, Priceport, Pennsylvania",242,3.613165588516084,719,38,11,36.3
304,132,"5702 Bergnaum Parks, North Rex, Arizona",288,3.7947203926239403,1413,43,29,43.199999999999996
305,257,"14849 Wiegand Forest, Lake Rubyeborough, Illinois",122,1.1231017104578862,331,42,30,18.3
306,247,"0359 Oren Via, East Lawson, North Carolina",134,3.338742378499428,734,32,10,20.099999999999998
307,187,"2855 Pearline Canyon, Wernershire, Rhode Island",188,3.243751648037476,920,48,28,28.2
308,270,"170 Morton Forge, West Leliaview, Virginia",222,2.1403816656247168,1300,37,17,33.3
309,185,"49088 Jaycee Corners, Freddieborough, Iowa",185,2.6485710462976497,577,46,30,27.75
310,81,"10675 Huel Causeway, West Wade, Nevada",262,4.716063155819574,1284,30,16,39.3
311,63,"6598 Smith Springs, Beattystad, New Hampshire",150,2.7217138568321912,683,32,23,22.5
312,24,"5459 Runolfsdottir Motorway, Port Brookeside, Connecticut",195,3.800106249069498,1520,49,23,29.25
313,247,"286 Wyman Plaza, Jessieport, Tennessee",165,1.1114441286475703,249,36,21,24.75
314,181,"9500 Derek Ford, Nedrachester, Virginia",193,2.8051163563279173,921,32,13,28.95
315,124,"4405 Hettinger Well, Port Consueloberg, Florida",235,2.005162962702926,367,32,19,35.25
316,149,"068 King Stream, Predovicland, Oregon",223,2.0606147215195625,128,47,30,33.449999999999996
317,252,"0197 Precious Ferry, New Myriam, Idaho",94,2.2789971416303656,1009,42,12,14.1
318,176,"97050 Rempel Walk, Gibsontown, Nevada",79,3.4441622770884464,980,37,19,11.85
319,61,"8448 Rosenbaum Course, Volkmanton, Arkansas",208,1.3007985508238846,265,42,20,31.2
320,145,"70530 Malika Expressway, Port Shyann, Massachusetts",67,1.7874819269517699,1585,43,27,10.049999999999999
321,24,"80319 Bailey Shore, Krisfurt, New Mexico",191,3.5298901838504984,400,40,26,28.65
322,239,"90230 Chaz Tunnel, Lake Vernbury, Wyoming",147,4.272708234497802,868,46,14,22.05
323,184,"197 MacGyver Points, New Irma, New Jersey",157,3.803298226615164,1154,30,12,23.55
324,255,"933 Kristin Park, Roobland, West Virginia",118,4.261430705809941,1834,38,19,17.7
325,48,"573 Stephan Haven, Torreybury, Oklahoma",296,3.5327822465893606,525,33,15,44.4
326,176,"103 McClure Place, Mikaylaview, South Carolina",195,3.9848407173736105,1129,48,22,29.25
327,32,"515 Jaylan Isle, North Maximilian, Arizona",253,3.2683823356701316,1427,30,29,37.949999999999996
328,285,"492 Haag Grove, Lonnyton, South Carolina",140,1.8039258631069983,787,44,28,21
329,47,"42045 Brekke Mission, Rainachester, Utah",233,3.714327598924913,817,39,11,34.949999999999996
330,232,"622 Francesco River, New Angelineshire, New Mexico",166,1.394115271029588,1549,44,11,24.9
331,109,"922 Zoey Fort, South Jerroldchester, Illinois",264,1.290909364842593,424,47,28,39.6
332,13,"46322 Schroeder Village, Hartmannchester, Kentucky",124,2.8429149028819216,1867,30,27,18.599999999999998
333,143,"02433 Zachary Underpass, West Franciscamouth, Idaho",257,2.4661690812892734,490,47,21,38.55
334,194,"95148 Walsh Land, Domenicahaven, Kentucky",202,2.147352994478136,11,44,10,30.299999999999997
335,224,"0569 Rosemary Landing, East Sammychester, Maine",146,3.8468967862782986,135,44,14,21.9
336,207,"2354 Adaline Crossing, Kuhicmouth, Arkansas",83,1.4373967351347856,1417,43,28,12.45
337,69,"32915 Katherine Stream, Myrnaville, Wisconsin",250,2.7368875562552573,196,49,17,37.5
338,30,"520 Effie Locks, East Jannieport, New Hampshire",140,4.068124625093549,726,41,28,21
339,285,"0679 Miller Ford, Hoegerland, Tennessee",100,3.6579359383117365,937,35,28,15
340,249,"45582 Celia Estate, East Isacshire, Idaho",161,4.425757032166815,1873,44,26,24.15
341,165,"741 Eldon Prairie, New Shaniyamouth, Ohio",104,1.6686695659927446,724,33,19,15.6
342,79,"644 Tyrel Turnpike, South Elinor, Tennessee",263,4.27316831310398,1416,36,23,39.449999999999996
343,199,"13796 Linwood Cove, Candidaview, Oregon",272,3.967796635892954,14,32,21,40.8
344,130,"7309 Kenyon Square, Crooksside, Virginia",90,2.3191825584568244,261,37,25,13.5
345,188,"0839 Torphy Track, Tessieview, Florida",88,1.6626506655167963,680,40,23,13.2
346,86,"5330 Maximillian Shoals, West Jazmyneport, New Mexico",266,3.783967437781901,990,43,24,39.9
347,181,"7227 Ted Ridges, Lake Wilford, North Carolina",53,1.806098929424368,485,36,30,7.949999999999999
348,297,"161 Lenora Islands, New Ariside, Alabama",255,4.994991657662164,125,46,17,38.25
349,28,"6194 Laisha Road, West Cleve, Nevada",234,2.610455935703315,596,48,13,35.1
350,292,"59334 Shea Passage, Joeyfort, Hawaii",264,4.078490407933825,816,42,14,39.6
351,118,"45805 Favian Stream, Breitenbergberg, Rhode Island",88,1.3067482821862373,202,37,30,13.2
352,103,"76236 Nichole Lights, Fritzshire, Montana",79,4.405698533049884,1201,33,15,11.85
353,193,"84131 Kirlin Stream, South Domenico, Louisiana",88,4.119555479403605,205,38,17,13.2
354,42,"6525 Morissette Course, Lake Coraburgh, New Jersey",64,1.9313823935466166,880,33,15,9.6
355,276,"747 Wuckert Light, West Kellen, Michigan",87,1.467191038659673,1587,33,25,13.049999999999999
356,28,"98309 Howell Cape, Ernaton, North Carolina",61,1.9326359814218246,1953,35,29,9.15
357,283,"2985 Helmer Turnpike, Napoleonburgh, Massachusetts",131,4.156441650626726,1109,47,11,19.65
358,267,"8861 Clarissa Vista, Ernserview, Virginia",222,2.0126757823144072,417,48,28,33.3
359,139,"78477 Samir Fork, Emeliashire, Montana",201,3.5179638061536687,1780,39,27,30.15
360,169,"61435 Henri Place, Lowemouth, Alabama",235,3.1341561534095224,1401,50,27,35.25
361,124,"9402 Breitenberg Stream, Port Albert, Maryland",225,2.249873296425774,26,36,20,33.75
362,26,"1225 Lindgren Fort, West Griffin, Washington",215,1.7540079773187038,474,40,16,32.25
363,205,"2223 Jennings Plaza, Bernhardshire, New Hampshire",111,4.200066064816571,707,33,25,16.65
364,23,"1433 Orpha Avenue, West Natashaton, Ohio",99,2.3073630598649566,1761,44,11,14.85
365,152,"872 Bergnaum Brooks, Port Magdalena, Indiana",146,4.271465805079831,1722,31,27,21.9
366,293,"9227 Ora Stream, West Dameon, South Dakota",129,3.7236417818130385,1370,38,10,19.349999999999998
367,135,"7231 Stroman Island, New Ruthe, Alabama",108,3.5430778822943294,348,44,23,16.2
368,151,"716 Wilfrid Land, Lake Cade, Oklahoma",217,4.322174726920918,151,50,21,32.55
369,192,"1531 Cody Brooks, Erynhaven, Idaho",265,2.481462384798596,1310,40,20,39.75
370,186,"8177 Upton Course, Ramiroburgh, Iowa",93,4.343300440267628,1348,39,27,13.95
371,44,"558 Johnston Springs, New Talia, Wyoming",85,2.8644338870365313,244,48,16,12.75
372,22,"471 Alice Ridges, North Keeleyburgh, Delaware",227,3.8982512063250456,1501,45,21,34.05
373,44,"10288 Karianne Springs, East Naomihaven, Maine",249,4.140259768205811,600,34,28,37.35
374,216,"298 Schmeler Viaduct, Heidenreichton, Washington",93,1.4504940188865554,1230,36,29,13.95
375,31,"36426 Leffler Mission, Davionstad, Oklahoma",111,2.264561652991764,1001,45,23,16.65
376,105,"856 Anastacio Mill, Padberghaven, Oklahoma",51,1.6619898516547822,1143,31,20,7.6499999999999995
377,250,"8071 Langworth Point, West Brain, New York",78,4.207277306957054,1810,49,11,11.7
378,266,"06287 Berry Circle, Ullrichbury, Iowa",290,1.1338466290764013,1094,48,16,43.5
379,138,"731 Bergstrom Forges, Gradyside, Alabama",234,4.719571825303284,893,38,23,35.1
380,190,"1837 Corrine Fort, East Audra, Kansas",60,4.350647778601782,1864,30,19,9
381,152,"28324 Dach Ville, Lake Anastasialand, Alabama",192,4.0110557523215995,1688,43,17,28.799999999999997
382,290,"2947 Rosalee Street, Loniebury, Nebraska",228,1.7276350196651213,491,41,25,34.199999999999996
383,204,"51741 Fay Drives, North Thereseview, New Hampshire",216,4.599533753822942,1427,44,10,32.4
384,76,"67423 Eldora Roads, Jacobsonmouth, South Carolina",115,1.7123807488780138,307,47,17,17.25
385,273,"1546 Raphaelle Meadows, Delilahfort, Massachusetts",163,4.086560842210369,286,45,19,24.45
386,93,"14160 Ward Terrace, Emmerichmouth, Georgia",185,1.0092739626694016,29,45,19,27.75
387,180,"013 Mario Lights, New Bartholomefort, California",265,1.968707794617964,525,38,27,39.75
388,79,"3359 Julian Garden, Ahmadmouth, Minnesota",225,2.039036748141571,930,49,25,33.75
389,94,"481 Waino Knoll, Olsonmouth, Kansas",287,1.7080930024180405,1559,45,11,43.05
390,211,"6125 Maureen Lakes, Bridgetteton, Delaware",53,3.3791032679814936,819,36,23,7.949999999999999
391,225,"7035 Nels Viaduct, Port Doraland, Nevada",147,1.8391968350734165,1291,47,30,22.05
392,279,"749 Robel Fields, North Mazie, Alabama",108,3.7771460331440805,1913,46,23,16.2
393,55,"55180 Pacocha Springs, East Eribertoburgh, Missouri",269,1.1589861191161799,436,37,16,40.35
394,269,"567 Ludwig Loaf, Lake Gladyschester, Arkansas",249,3.369301437508394,1341,50,13,37.35
395,106,"46249 Purdy Islands, Grahamstad, Alaska",152,1.9197619276396707,203,34,28,22.8
396,298,"75819 Sanford Path, Michellefurt, Michigan",150,2.478770484653319,1586,49,27,22.5
397,145,"559 Robel Dam, New Eleazar, Colorado",240,1.012659016129583,1172,46,11,36
398,178,"59203 Kellie Crest, East Filomenafort, Maine",201,1.5437323959046487,945,33,24,30.15
399,36,"8446 Schoen Route, New Hopeland, Wyoming",167,3.9854455487740243,559,31,25,25.05
400,286,"5255 Nathen Fort, Port Raven, Alaska",185,1.2847929175615602,1497,41,14,27.75
401,5,"6609 Lisa Route, North Leonora, Idaho",290,4.7636290166495545,148,40,18,43.5
402,140,"36313 Javier Garden, South Talonton, Maine",166,1.3640177403307405,84,37,29,24.9
403,59,"15621 Connor Creek, West Nathanialtown, Minnesota",210,1.918157537902165,1168,39,28,31.5
404,148,"2311 Antone Turnpike, Lake Llewellyn, West Virginia",238,4.279942062289558,528,37,16,35.699999999999996
405,152,"102 Amely Mill, Malikahaven, Vermont",203,3.382751109151145,1957,30,28,30.45
406,25,"47742 Meda Street, Celestineburgh, Tennessee",94,2.301425941501896,1700,42,25,14.1
407,220,"726 Johnson Lodge, South Zackery, Oregon",268,1.1013086808767893,160,30,18,40.199999999999996
408,135,"3173 Karianne Mills, Lake Trishatown, Minnesota",280,3.8214150681227004,887,34,19,42
409,16,"97048 Vance Plain, South Leonorahaven, Alaska",114,3.2439532875106085,525,49,24,17.099999999999998
410,112,"54506 Althea Lane, South Bertrandville, Washington",226,4.222266040743307,1728,49,13,33.9
411,195,"8157 Greenholt Square, East Amandashire, Vermont",123,3.2499879928216586,1017,38,20,18.45
412,27,"639 Rodger Gateway, Geovannytown, Alabama",224,2.7645710464538285,1364,35,24,33.6
413,46,"574 Hane Parkways, South Josianneland, Idaho",61,1.7746633538302938,1802,40,19,9.15
414,280,"045 Bashirian Burg, Port Ralphburgh, Kansas",207,2.482166104291916,1861,50,24,31.049999999999997
415,33,"9839 Nova Walks, South Hillardborough, Kansas",62,2.212963520141214,1081,36,19,9.299999999999999
416,113,"3193 Hessel Stream, Gustport, Mississippi",275,4.240722602257306,522,38,22,41.25
417,76,"057 Earlene Pass, Breitenbergchester, Wyoming",115,3.100107483240862,976,48,28,17.25
418,156,"6253 Cathrine Heights, New Xavierville, Nebraska",201,4.8729465015758056,115,37,27,30.15
419,271,"599 Turcotte Lake, Mooreberg, New York",264,4.2777859552056885,1315,33,13,39.6
420,152,"2478 Hand Burg, East Samland, Georgia",119,3.29550088951342,1260,46,17,17.849999999999998
421,221,"194 Webster Burg, Lincolnside, Maine",193,4.083903190138026,917,36,10,28.95
422,169,"4987 Nico Summit, Jeffreyberg, Texas",160,3.3550719403894624,675,41,28,24
423,96,"99336 Anya Mews, Gorczanyfurt, Pennsylvania",203,1.2834249748135513,469,44,22,30.45
424,145,"04589 Marjorie Pike, Lake Geoffreytown, Oregon",296,2.352413945370893,801,45,17,44.4
425,185,"716 Nikolaus Junctions, New Marcos, Kansas",118,3.6140130399563404,1909,41,20,17.7
426,137,"84337 Brakus Inlet, Jarodville, Georgia",124,3.795521226339696,1117,38,19,18.599999999999998
427,181,"08380 Boyer Ways, Runolfsdottirhaven, Alaska",134,3.118380775672788,1081,38,27,20.099999999999998
428,157,"7876 Hettinger Flats, South Kaley, Idaho",115,2.8771500209782843,267,47,30,17.25
429,116,"32289 Ondricka Crossroad, East Delphine, Arkansas",64,4.0812086362197455,569,38,30,9.6
430,274,"54886 Jaskolski Gardens, Burnicemouth, New Jersey",57,1.4124469889819746,1917,36,28,8.549999999999999
431,97,"5433 Dixie Summit, Lake Berenice, Nebraska",139,3.03060039340063,1396,50,13,20.849999999999998
432,117,"08430 Maureen Junction, Lake Leonor, Illinois",211,3.2093804292244372,1875,48,18,31.65
433,172,"49362 Hoyt Crest, Lindgrenfurt, Tennessee",167,3.778793618640732,938,33,13,25.05
434,168,"966 Kiera Meadow, Port Antwonshire, Nevada",186,1.6073154944349712,1164,49,16,27.9
435,190,"958 Mathilde Springs, East Vaughnbury, Mississippi",255,2.888734927368139,62,40,20,38.25
436,217,"30273 Fadel Glen, New Everett, Kentucky",219,3.373370419294952,400,48,26,32.85
437,69,"2388 Ankunding Fort, Casperstad, Washington",196,4.112513853204328,1047,45,10,29.4
438,59,"77622 Shields Walks, Stokesbury, Georgia",221,3.4444146873430386,1214,44,19,33.15
439,57,"478 Aisha Point, Lake Andrewtown, Massachusetts",110,3.6786789220863234,1111,37,22,16.5
440,118,"552 Kautzer Meadow, Roweport, North Carolina",84,1.1001146318384785,1154,31,13,12.6
441,149,"400 Leone Island, Effertzberg, North Carolina",157,3.9146320225365354,1199,37,25,23.55
442,284,"6464 Collier Rapids, East Micahton, Maine",100,2.034303278282321,1498,40,18,15
443,19,"69864 Gleichner Mission, Dexterland, Nebraska",280,1.8485545800719134,560,42,29,42
444,251,"8545 Larue Squares, Port Frances, Missouri",54,2.502392091826957,36,44,24,8.1
445,245,"7533 Lesch Turnpike, New Itzel, Oklahoma",139,3.2136236940516127,1238,42,11,20.849999999999998
446,210,"04334 Benedict Cape, Nikomouth, New Mexico",124,3.2221937811071886,698,31,22,18.599999999999998
447,133,"7600 Leuschke Hill, East Mohammad, South Carolina",150,3.174298389806816,1170,34,21,22.5
448,126,"8178 Crist Burg, Torphyburgh, Iowa",106,2.6220408922645095,722,46,25,15.899999999999999
449,250,"08300 Abdullah Valleys, Port Zorafurt, Arizona",248,2.923315348532494,552,45,20,37.199999999999996
450,187,"480 Murphy Branch, New Judgeville, Maryland",232,2.8181663116947875,165,50,13,34.8
451,156,"50335 Deckow Squares, Kuvaliston, Connecticut",96,1.9617729260396835,1683,48,30,14.399999999999999
452,125,"9497 Hamill Trace, New Alicemouth, Maine",190,2.6564551034654063,160,47,22,28.5
453,21,"80031 Gustave Plains, Elisabethbury, Massachusetts",104,2.8534062855288003,1403,48,16,15.6
454,231,"8459 Howe Cliffs, New Jacintheburgh, South Dakota",279,3.9151030506881668,53,33,27,41.85
455,250,"83327 Gibson Summit, Tillmantown, Connecticut",205,4.928132428466171,121,32,11,30.75
456,58,"3110 Lemke Station, Klockoshire, New York",270,2.4324393804003694,344,34,18,40.5
457,263,"6772 Koch Shores, Port Anaberg, Idaho",149,1.848903721696855,1683,35,23,22.349999999999998
458,261,"68728 Prince Run, Port Shanelle, Illinois",278,2.1968230359425034,99,34,24,41.699999999999996
459,45,"5339 Lila Burg, Donnellytown, Wisconsin",52,1.8418400902017418,3,30,12,7.8
460,200,"69945 Arjun Forges, New Lyric, Connecticut",265,4.147859394013581,1949,33,11,39.75
461,112,"82761 Jazlyn Port, South Mylene, Rhode Island",187,3.951012868513767,1411,38,20,28.05
462,194,"020 Smith Light, Schillerfort, South Dakota",57,1.9263251890238926,398,49,10,8.549999999999999
463,246,"8200 Goodwin Junction, Port Allen, Indiana",69,4.323707657710678,672,46,15,10.35
464,226,"89612 Wiegand Park, Ashlychester, South Carolina",300,3.919125388550457,1818,34,17,45
465,62,"00493 Durgan Alley, Port Chaddside, Wyoming",74,3.5014527055096822,1574,31,27,11.1
466,23,"644 Joana Causeway, Janiyahaven, Ohio",137,2.765947564211145,722,31,21,20.55
467,183,"25678 Justine Passage, Twilamouth, Wisconsin",117,1.7641372087512095,1499,44,22,17.55
468,159,"5935 Era Union, New Zella, Mississippi",264,3.6105808460740985,1969,36,22,39.6
469,34,"2950 Hickle Islands, Rohanshire, Oklahoma",87,2.7592023724507726,1983,31,17,13.049999999999999
470,49,"810 Khalil Isle, Kossville, South Carolina",300,4.330831670323394,1974,35,18,45
471,210,"3635 Schmidt Center, Cartwrightton, Oregon",256,4.6985901736617,646,31,28,38.4
472,40,"015 Ian Mountain, Port Albamouth, Kentucky",257,3.138578452644966,974,50,21,38.55
473,43,"309 Block Estate, Dibbertberg, New Hampshire",110,3.9038487080675006,735,43,12,16.5
474,166,"4486 Jordi Flats, Danielville, Pennsylvania",209,3.9973252963105343,889,31,21,31.349999999999998
475,278,"40463 Moen Rue, Port Wilson, Alaska",109,1.2931505224391147,1,49,21,16.349999999999998
476,64,"198 McGlynn Stream, Sammyport, Delaware",153,2.0736562188928493,1520,43,18,22.95
477,244,"57482 Vena Brook, New Hazle, Massachusetts",153,2.1368542021147676,1245,34,27,22.95
478,211,"8178 Blanche Trace, Deltachester, Louisiana",137,4.715436890276937,431,50,15,20.55
479,125,"40302 Marcel Radial, West Odellport, Montana",82,1.8593547775654033,210,47,21,12.299999999999999
480,181,"523 Hickle Ridge, New Corbinside, Oklahoma",265,4.708801562002326,1528,40,20,39.75
481,124,"75642 Lebsack Lights, Hilllfort, Arizona",218,2.3646674776108503,1629,30,27,32.699999999999996
482,277,"564 Salvador Turnpike, Lake Wiltonfurt, Rhode Island",244,1.44537007671272,722,33,27,36.6
483,134,"7101 Jessie Squares, Simonisberg, Louisiana",264,1.5605866342028063,1665,37,21,39.6
484,196,"994 Bins Fall, Mabellestad, Massachusetts",260,1.4273888251321873,208,37,29,39
485,132,"16679 Kuhn Summit, Emanuelfurt, South Carolina",176,1.6169774804847141,599,48,12,26.4
486,104,"53070 Eudora Trail, East Orrinland, Tennessee",296,4.31592161742862,15,31,14,44.4
487,7,"2821 Sharon Mountain, Wunschborough, Delaware",70,1.70676922604484,1842,43,17,10.5
488,212,"11352 Obie Ridges, Doylebury, Illinois",170,4.816327385898102,954,35,28,25.5
489,90,"458 Johnston Divide, Osbaldohaven, New Jersey",143,2.468273244241426,240,34,23,21.45
490,103,"437 Towne Curve, New Clemens, New Mexico",109,1.3965535476609712,307,34,29,16.349999999999998
491,61,"9877 Jones Ports, Lake Evafort, North Dakota",267,4.984166629756701,951,46,14,40.05
492,258,"330 Sabrina Canyon, Port Brown, Nebraska",125,2.9741726670592303,1810,49,19,18.75
493,104,"4399 Toy Hollow, East Wilburn, Pennsylvania",128,4.400378399725847,1265,50,21,19.2
494,27,"6350 Adams Locks, Lemkebury, Minnesota",289,3.807212160832906,1661,43,19,43.35
495,225,"413 Schimmel Field, Oberbrunnermouth, Vermont",131,2.974317261731306,482,37,29,19.65
496,268,"575 Arvel Circle, North Janaemouth, Louisiana",171,2.3847018619592717,1906,34,20,25.65
497,47,"44706 Garrison Harbors, Larsonchester, New Mexico",51,1.5053304273604013,1460,32,29,7.6499999999999995
498,110,"00785 Alden Groves, Aylinmouth, Idaho",257,2.4007177022182216,598,38,29,38.55
499,218,"5137 Geovanni Bridge, Lake Clevefurt, Alabama",266,1.5643233444303375,125,39,28,39.9
